,ID,tips,convex_hull_area,solidity,perimeter,width,height
0,P0375_16,10,374470.5,0.2543858595002811,9237.40865957737,827,580
0,P0376_16,11,591927.0,0.2099583225634242,11293.0239123106,892,913
0,P0378_16,10,591495.5,0.26145084789317924,11184.948982715607,839,990
0,P0379_16,14,480282.5,0.26401128502495924,10522.789890170097,816,762
0,P0380_16,7,449127.0,0.21872877827429657,9303.48492527008,964,748
0,P0381_16,13,676622.5,0.22600637726354061,12965.040882587433,988,899
0,P0382_16,15,601657.5,0.26329764026875757,10323.861522436142,992,832
0,P0383_16,11,751571.5,0.18936588202187019,11200.949270486832,1028,922
0,P0384_16,14,534061.0,0.27831839434072136,10102.05065214634,911,775
0,P0385_16,14,747690.5,0.20896079326940759,15197.888168692589,1028,917
0,P0386_16,12,783699.5,0.23730141463660498,9150.823168516159,1028,1010
0,P0387_16,12,678573.5,0.20740420897662523,9071.112234473228,996,1029
0,P0388_16,12,606834.0,0.2561161701552649,11767.929495334625,951,921
0,P0389_16,12,564982.5,0.2789732425340608,11041.294681429863,981,888
0,P0390_16,12,742136.5,0.20694979966623392,12098.60521030426,1018,1001
0,P0391_16,12,966126.0,0.2204505416477768,15283.409723997116,1025,1165
0,P0392_16,13,815014.5,0.22705117516314127,12519.745181322098,1028,1029
0,P0393_16,9,706501.5,0.20589340574648463,11010.69234931469,994,1133
0,P0394_16,13,970884.5,0.2316372338831241,15312.535392045975,1028,1165
0,P0395_16,9,423768.0,0.21120282796247003,8186.311709046364,959,651
0,P0396_16,11,526779.0,0.2463480890468299,8366.698278069496,828,811
0,P0397_16,13,725591.5,0.227217380578466,11798.890395402908,984,977
0,P0398_16,13,786303.5,0.1986955418613805,13425.370333313942,1028,1164
0,P0399_16,11,825535.5,0.20630124325362142,11381.106872320175,959,1135
0,P0400_16,11,893431.0,0.17662136191826788,14761.44702231884,1028,1137
0,P0401_16,13,571456.5,0.2210824445955204,8855.561195015907,938,872
0,P0402_16,10,469541.5,0.26363164917265036,8904.09524667263,873,750
0,P0403_16,11,676683.0,0.23099885766304162,11566.110738754272,1023,840
0,P0404_16,10,522123.5,0.2789186849471437,11780.123378753662,1028,684
0,P0405_16,11,517074.5,0.24707464785055153,11308.096631288528,963,778
0,P0406_16,10,793741.0,0.1887000923475038,11712.610850334167,1004,981
0,P0407_16,11,547791.0,0.255126498974974,10802.248698234558,965,785
0,P0408_16,11,701394.0,0.18642303755093428,13258.92931330204,1028,830
0,P0409_16,11,602029.5,0.23128268631354443,10487.20201575756,1001,791
0,P0411_16,12,537427.5,0.23181917560973342,11174.288115024567,792,1033
0,P0412_16,10,576755.0,0.2294111017676483,8503.769345760345,986,808
0,P0413_16,11,710758.0,0.2688453735307939,10382.310537695885,971,1103
0,P0414_16,11,379561.0,0.31084595098021134,9197.21212041378,843,736
0,P0415_16,12,567856.0,0.23542236059846158,9599.37864100933,901,855
0,P0416_16,11,933831.0,0.2157403213215239,12897.449830651283,1010,1165
0,P0417_16,13,704311.5,0.21236910088788838,13974.357112169266,1010,905
0,P0418_16,13,646706.0,0.2508543294789286,14314.74861228466,999,903
0,P0419_16,10,692770.5,0.22920721941826333,11904.669891953468,739,1163
0,P0421_16,13,721804.5,0.21041293037103537,13680.28946340084,1028,896
0,P0422_16,9,392814.5,0.2691804910460281,8574.665905594826,863,682
0,P0423_16,11,740926.0,0.20747820969975408,13607.051782011986,987,924
0,P0424_16,13,631339.0,0.22480790827115069,14044.985295295715,993,848
0,P0425_16,12,542667.5,0.3027784048243169,8361.821080565453,904,807
0,P0426_16,12,563326.5,0.22917615272847985,12011.579206705093,961,736
0,P0427_16,11,632782.0,0.2045633409294196,10406.033407211304,916,915
0,P0428_16,14,652464.0,0.24934709041418376,13103.44586789608,990,857
0,P0429_16,10,382505.0,0.3328740800773846,6597.300097942352,919,585
0,P0430_16,12,758339.5,0.23494622131644205,12175.20464849472,1028,1003
0,P0431_16,12,671591.0,0.24072538196610735,12953.7114828825,1028,878
0,P0432_16,12,594037.5,0.23001241504113798,12754.044598221779,842,921
0,P0433_16,10,618698.5,0.20499645627070373,9357.10029900074,1028,740
0,P0434_16,10,377327.0,0.27974674486585904,9007.220658779144,920,630
0,P0435_16,8,433059.5,0.23078122059439868,7762.063721179962,917,737
0,P0436_16,11,575185.5,0.26605677646602705,9266.09524667263,976,883
0,P0437_16,11,596970.5,0.24851479260700488,10736.061968326569,953,897
0,P0438_16,11,731411.0,0.20038391547296938,9583.766381382942,961,944
0,P0439_16,12,721526.0,0.25507188930128644,14047.042719841003,1028,879
0,P0440_16,13,942590.5,0.21549336641945788,13506.117975950241,1028,1165
0,P0441_16,12,781116.0,0.2207930704274397,12971.496540546417,1028,972
0,P0442_16,12,752253.5,0.21702790349263912,10643.736067414284,1028,1017
0,P0444_16,12,533408.5,0.2613437918593348,12687.998603463173,892,854
0,P0445_16,11,524835.5,0.2900889897882289,9920.86897456646,955,766
0,P0446_16,9,770754.5,0.184952536767544,12418.202666521072,1028,893
0,P0447_16,13,578438.0,0.24914856907741192,13374.337817549706,1028,743
0,P0448_16,10,650940.0,0.20064061203797584,9327.32273030281,889,981
0,P0449_16,11,706323.0,0.18543640798897953,12621.115428566933,1013,935
0,P0450_16,11,617575.5,0.22582502058452772,10535.368536353111,925,935
0,P0451_16,12,702583.5,0.2505239590739037,11283.593932032585,964,944
0,P0452_16,11,717602.5,0.20607787737640268,11255.421482682228,969,958
0,P0453_16,11,500604.0,0.25225527562704253,10731.007101297379,935,647
0,P0454_16,11,312052.0,0.34586863727840234,9321.663035035133,607,720
0,P0455_16,11,482141.0,0.32067175369860684,13111.482850670815,833,748
0,P0456_16,12,748569.0,0.20193462459706454,13103.831279277802,967,1005
0,P0457_16,13,521023.5,0.2867701744738961,11233.440264105797,871,736
0,P0458_16,12,817617.0,0.1999432497122736,13972.187084913254,1028,1036
0,P0459_16,13,638484.5,0.24892068640663947,12811.420899033546,927,929
0,P0460_16,11,618926.5,0.2157590602438254,10192.392475128174,906,927
0,P0461_16,11,744264.0,0.19820117592682165,11591.750347971916,1028,1030
0,P0462_16,12,534426.0,0.22869957674214952,9051.343039035797,975,790
0,P0463_16,13,501805.0,0.28955670031187414,11247.338222384453,1028,670
0,P0464_16,11,805319.0,0.2078927729260082,12642.518474459648,980,1009
0,P0465_16,12,735832.0,0.22834831863794997,12339.806258678436,1028,996
0,P0466_16,11,572287.0,0.22611032576312234,10128.343108296394,939,865
0,P0467_16,12,752178.5,0.20749994848297312,13234.86008989811,983,1007
0,P0468_16,12,917879.5,0.23673042049637236,12072.211243987083,1028,1165
0,P0469_16,12,494513.0,0.2942288675929652,9080.330747008324,855,782
0,P0470_16,10,822590.0,0.24476105958010674,14065.917276263237,1028,1080
0,P0471_16,12,753898.5,0.24006547300465514,14056.526790380478,1028,937
0,P0472_16,13,680233.0,0.2640007174012434,15986.076409220695,1028,851
0,P0473_16,13,736006.5,0.23412564970553928,11934.343274712563,1028,916
0,P0474_16,11,656592.0,0.21316890854594633,10579.001005291939,987,921
0,P0475_16,11,536138.5,0.23789934876902144,10853.758468270302,906,800
0,P0476_16,11,529704.5,0.24799487261293796,10770.880290746689,983,880
0,P0477_16,10,631284.0,0.28246399401854,10667.312625646591,1015,778
0,P0478_16,11,535384.0,0.220512753462935,11206.114661574364,928,808
0,P0479_16,10,565832.5,0.25703896471128823,11413.603673696518,848,907
0,P0480_16,12,503497.0,0.2643531143184567,10809.02539050579,943,741
0,P0481_16,11,528772.5,0.2661692883045166,7787.078878164291,903,798
0,P0482_16,12,790587.5,0.19784780305785254,13358.497152924538,1028,960
0,P0483_16,12,338705.5,0.38010011647286507,7774.694102168083,592,704
0,P0484_16,14,698620.5,0.1987187607578077,11409.701577544212,926,990
0,P0485_16,10,563292.5,0.22481037826706374,9235.14610505104,872,853
0,P0486_16,12,631384.5,0.24559361213333555,8841.281100153923,956,981
0,P0487_16,11,523671.0,0.2954832327931087,11642.413123250008,1028,720
0,P0488_16,12,497628.5,0.21132431120805983,9309.416095256805,840,911
0,P0489_16,11,523257.5,0.2692211769539854,8061.966180324554,944,791
0,P0490_16,13,614426.0,0.2829876990882547,13680.167400121689,969,807
0,P0491_16,13,725067.5,0.23205287783551187,10748.51572406292,1028,998
0,P0492_16,11,483210.5,0.2837107223456444,8642.399726748466,974,661
0,P0493_16,12,573228.0,0.277346884660205,9737.728927135468,837,886
0,P0494_16,11,516959.5,0.25999715645036026,10019.237101912498,909,814
0,P0495_16,10,639965.0,0.23215800864109756,11654.295676112175,1028,816
0,P0496_16,14,665937.0,0.26062225105377834,14410.163815021515,1028,849
0,P0497_16,11,533561.5,0.27618559435041695,10522.422224998474,938,757
0,P0498_16,12,697131.0,0.1941098588357138,9590.58052790165,996,1036
0,P0499_16,12,836351.5,0.24435300229628332,16492.88515853882,1015,1103
0,P0500_16,13,489098.0,0.26546418100258024,10034.161927103996,943,691
0,P0501_16,11,680740.0,0.20928107647560007,12393.919059634209,911,933
0,P0502_16,10,256062.5,0.46464437393214547,9663.987778663635,806,408
0,P0503_16,12,483883.0,0.25973427460770476,8609.35304427147,963,757
0,P0504_16,11,688342.0,0.25765535155489566,14328.444640994072,1028,998
0,P0505_16,11,369590.0,0.3879298682323656,9742.9225628376,844,620
0,P0506_16,12,669542.5,0.30418382701620883,14805.45734488964,1024,896
0,P0507_16,14,652202.5,0.32434251631970135,15583.077225327492,1013,928
0,P0509_16,11,554627.0,0.21164494335832912,10887.063302755356,986,789
0,P0510_16,12,460789.5,0.30313841786759466,11150.368353009224,919,657
0,P0511_16,11,696707.0,0.3360508793510041,14135.904585003853,1028,888
0,P0512_16,11,579811.5,0.2310302572473985,8025.973320603371,947,880
0,P0513_16,11,634982.0,0.19983086134725078,10632.4811450243,814,1047
0,P0514_16,11,565266.5,0.23730930454927013,11244.882430553436,778,939
0,P0515_16,12,631099.0,0.1926163723916533,11319.57294523716,910,875
0,P0516_16,10,482638.5,0.24845925055709397,11342.217584609985,940,711
0,P0517_16,11,454336.5,0.28026583820582324,9674.154927134514,1001,630
0,P0518_16,13,671502.5,0.3130725499905064,15070.195333957672,967,916
0,P0519_16,10,679247.0,0.2535027758679832,10378.258802890778,930,1044
0,P0520_16,13,726374.0,0.2285475526381726,13497.917535066605,1028,921
0,P0521_16,10,455445.0,0.27941902974014426,8313.752271652222,872,751
0,P0522_16,11,529054.0,0.24978168580144938,11337.44941329956,923,779
0,P0523_16,10,890656.0,0.1996943825674559,14099.953714370728,1028,1135
0,P0524_16,12,482189.0,0.27222105854758194,9406.876114845276,787,906
0,P0525_16,11,624914.5,0.22697184974904566,10461.884131550789,885,881
0,P0526_16,13,657800.5,0.2616112331930426,13554.312267184258,1028,813
0,P0527_16,9,755619.0,0.21092772945095345,13102.475897669792,1017,930
0,P0528_16,12,720023.5,0.22650788481209294,12329.465066671371,1020,1032
0,P0529_16,10,587750.0,0.23129561888558062,12304.382357478142,913,932
0,P0530_16,15,288256.5,0.46181786013498394,11648.431372880936,795,471
0,P0531_16,11,454702.5,0.31758787338974387,9820.290328383446,868,763
0,P0532_16,10,715635.0,0.19807723210854694,12310.091760993004,1009,937
0,P0533_16,13,578185.0,0.2542611793803021,13197.483323097229,1018,812
0,P0534_16,11,475601.5,0.25471744727466167,9244.937954306602,849,692
0,P0535_16,13,671673.0,0.24760709452367446,10041.9846367836,974,992
0,P0536_16,11,780650.0,0.24606289630436176,14253.28441286087,1028,969
0,P0537_16,12,578523.0,0.2365679497617208,9567.859746336937,1028,844
0,P0538_16,12,508818.0,0.2889638338266335,10413.864926576614,954,851
0,P0539_16,10,573506.0,0.18356913441184575,8911.194005846977,927,958
0,P0540_16,9,647581.0,0.2170492957637732,12332.29185807705,995,867
0,P0542_16,11,622752.5,0.22896254932738128,9823.773521661758,1028,856
0,P0543_16,10,358502.5,0.24814610776772825,8782.889655470848,855,512
0,P0544_16,11,549994.0,0.21338596421051867,7648.863587141037,954,800
0,P0545_16,13,527756.0,0.2953542925139648,11792.736491203308,1028,653
0,P0546_16,10,529163.5,0.21137323341462516,10708.085970878601,848,776
0,P0547_16,10,471948.5,0.2252322022424057,9477.895038723946,994,664
0,P0548_16,12,616578.0,0.24883631916805335,11101.052740097046,1015,776
0,P0550_16,10,590209.5,0.24677000285491846,12917.264044046402,997,819
0,P0551_16,12,356326.5,0.3575625163999871,7758.750012874603,962,539
0,P0552_16,11,764018.0,0.22505883369239993,12620.210102915764,991,1014
0,P0553_16,10,669806.5,0.2250246899664306,12213.028173685074,947,978
0,P0554_16,11,522490.5,0.2340674136658944,10756.238593578339,881,849
0,P0555_16,13,825413.5,0.19235813322655856,11514.68224465847,983,1028
0,P0556_16,10,455050.0,0.21382485441160312,7312.333711385727,835,725
0,P0557_16,11,535531.0,0.26454490963174865,10438.400959253311,929,746
0,P0558_16,11,704133.5,0.19594153665462585,10636.300604104996,923,1006
0,P0559_16,11,686457.0,0.19484687314718913,9171.200804233551,1028,954
0,P0560_16,11,653053.5,0.24527852618506754,12055.397097468376,977,896
0,P0561_16,10,539663.5,0.28288368585238766,10818.651128053665,820,932
0,P0562_16,12,563011.5,0.23883526357809742,10170.761329054832,1028,832
0,P0563_16,9,543582.0,0.22148636268309105,8811.436304569244,964,852
0,P0564_16,12,718792.0,0.2220058097474652,12908.854660272598,1023,1030
0,P0565_16,12,775526.5,0.18361203646812843,14287.142632007599,1028,1104
0,P0566_16,14,624322.5,0.23961654433405813,10348.248698234558,1008,852
0,P0567_16,12,535110.0,0.25691353179720056,9479.67598080635,915,789
0,P0568_16,10,721536.0,0.2354976051091006,11365.635562181473,1028,966
0,P0569_16,10,534749.0,0.23563017415647342,10004.799994826317,869,840
0,P0570_16,11,690907.5,0.26499205754750094,12118.426535010338,1009,878
0,P0571_16,11,686384.5,0.28329602431290335,13069.149453878403,996,887
0,P0572_16,10,415790.0,0.34415931119074533,9217.849350214005,783,722
0,P0573_16,11,632873.5,0.270886677985411,9473.225189447403,1028,909
0,P0574_16,10,674718.0,0.16096057908637387,9394.09524667263,1028,976
0,P0575_16,12,595347.0,0.2484584620397852,10651.538021326065,963,889
0,P0576_16,11,751222.5,0.19853239220071284,12634.285100340843,1021,928
0,P0577_16,11,562563.5,0.212763536916277,10440.500337719917,815,856
0,P0578_16,11,498080.0,0.2541700128493415,8675.595684885979,884,785
0,P0579_16,12,509899.0,0.22289316119466795,9593.104474902153,928,721
0,P0580_16,10,528423.5,0.25218409098005673,9473.273959875107,828,970
0,P0581_16,11,591825.0,0.2567465044565539,11540.078007340431,917,849
0,P0582_16,11,687299.5,0.22086877700332969,11082.56153011322,1028,960
0,P0583_16,13,669392.0,0.2708248679398618,12831.823503613472,892,970
0,P0584_16,11,507317.0,0.26763345206251715,10703.131546735764,1028,673
0,P0585_16,14,730257.0,0.2404441176188657,16450.13166797161,987,869
0,P0586_16,12,613907.5,0.24375659199472233,13843.166657447815,910,881
0,P0587_16,8,435044.0,0.22807348222248783,6802.731556415558,874,613
0,P0588_16,9,807149.0,0.20414941974777892,17045.734498500824,1025,1063
0,P0589_16,10,664592.0,0.23766912632111128,12739.441350579262,1024,1027
0,P0590_16,11,543389.5,0.2526272590839536,11247.933702588081,955,844
0,P0591_16,11,603150.5,0.21469600041780618,11844.58212530613,929,1004
0,P0592_16,12,666070.0,0.23394988514720674,13735.94314467907,1028,781
0,P0594_16,11,714597.0,0.19811166293729193,9785.219260692596,977,955
0,P0595_16,11,526168.0,0.22351986437791732,11582.50843000412,892,745
0,P0596_16,13,806244.0,0.21563323261940553,13712.903071641922,983,1022
0,P0597_16,11,496133.0,0.24747799481187505,10292.51572406292,899,868
0,P0598_16,12,619059.0,0.22451979536683903,12759.754987955093,915,933
0,P0599_16,12,789399.0,0.19907423242238717,14994.459878325462,1013,958
0,P0600_16,10,355076.5,0.3293262156183245,9432.075295567513,883,576
0,P0601_16,12,735027.0,0.21304931655571835,12828.141466021538,1006,931
0,P0602_16,11,497413.0,0.24723117409476633,10423.629151701927,923,893
0,P0603_16,11,515768.5,0.24040824517201032,9823.282160162926,915,808
0,P0604_16,12,601898.0,0.24791409840205483,10913.826467990875,920,784
0,P0605_16,9,360928.0,0.19531319265892366,6694.530545949936,850,564
0,P0606_16,10,338452.0,0.2814667958824294,8231.845465779305,914,535
0,P0607_16,11,497687.5,0.257169408514379,11054.546768546104,762,932
0,P0608_16,10,549563.0,0.2305613733093385,11036.041917920113,906,886
0,P0609_16,11,539101.0,0.2606802806895183,14476.557262659073,951,822
0,P0610_16,13,524000.0,0.2574790076335878,9076.162053227425,848,784
0,P0611_16,11,430900.5,0.2987418209076109,10203.845561623573,919,619
0,P0612_16,12,579108.0,0.24082036511324312,10859.209156036377,898,903
0,P0617_16,10,664518.5,0.2112988577443668,11885.8294942379,939,954
0,P0624_16,10,595269.0,0.20054630763570755,11503.099383711815,951,824
0,P0629_16,9,563749.5,0.2515354780802466,9420.864798665047,933,827
0,P0630_16,11,557195.0,0.24785936700795952,9910.755222797394,849,990
0,P0631_16,13,654408.0,0.23112798132052176,10604.841624975204,948,949
0,P0632_16,9,635930.0,0.21148554086141558,11524.948253273964,820,1010
0,P0633_16,10,932383.5,0.19432240060018222,16216.7545222044,1024,1165
0,P0634_16,12,526504.5,0.22211586035826855,11451.270758986473,715,998
0,P0635_16,13,624523.0,0.2645459014319729,12615.37217104435,945,828
0,P0636_16,10,433892.5,0.2877118180194403,8658.096493124962,746,918
0,P0637_16,10,638628.5,0.2584648195312298,12393.212352395058,898,986
0,P0638_16,11,714276.0,0.24979279718204167,12976.370833039284,1028,1020
0,P0639_16,11,771714.0,0.22957079954490914,14104.494646191597,939,1106
0,P0640_16,11,647465.0,0.25717838029854895,13089.443979144096,854,1089
0,P0641_16,11,565261.5,0.26073419116638935,12571.310485124588,938,869
0,P0642_16,12,428068.5,0.31883214952747047,10761.705753445625,906,728
0,P0643_16,10,505270.5,0.2447006108609151,10828.876670479774,864,918
0,P0644_16,11,687459.0,0.2243377423235422,11712.044723391533,941,1072
0,P0645_16,9,302004.5,0.29379032431635954,8202.549524903297,855,452
0,P0646_16,12,912511.5,0.21339128328793663,13966.816001534462,1021,1165
0,P0647_16,11,820471.5,0.24217294567818626,13345.382495760918,1004,1096
0,P0648_16,9,473059.5,0.25451766638234724,8737.169278740883,866,802
0,P0649_16,12,822791.5,0.2108298396373808,14158.726300954819,1028,1009
0,P0650_16,9,418678.0,0.2697896712987069,9141.977835655212,858,777
0,P0651_16,10,984007.5,0.17917241484439905,14448.617263436317,1028,1160
0,P0652_16,11,902404.5,0.17151842660359073,13993.546209335327,1024,1165
0,P0653_16,10,870200.0,0.19038841645598714,13641.762220025063,1028,1105
0,P0654_16,11,584891.5,0.22513577304508614,11035.780557632446,888,860
0,P0656_16,12,714013.0,0.22722275364734257,13885.364136815071,996,980
0,P0657_16,13,573976.5,0.2549860490804066,10691.995952963829,848,956
0,P0658_16,9,569651.5,0.23366742648794922,11088.984155893326,975,818
0,P0659_16,10,666939.0,0.20720485681599066,12901.85319018364,1028,1026
0,P0660_16,10,561079.0,0.24736267085383698,9360.435428142548,939,816
0,P0661_16,12,571218.5,0.23703539013529848,11880.397370815277,932,935
0,P0662_16,12,622129.0,0.2558247566019266,10797.188946723938,1015,902
0,P0663_16,12,647406.5,0.27617269829697416,14208.911963820457,1025,910
0,P0664_16,10,757730.0,0.22473836326923838,11288.515836000443,843,1165
0,P0665_16,10,799719.5,0.20792665428315804,11522.096539258957,975,1082
0,P0666_16,9,911088.0,0.17973455912052402,13201.63953757286,1028,1121
0,P0667_16,10,690733.0,0.20809922213069304,11015.583827376366,1028,1018
0,P0668_16,9,600933.0,0.22542612903601567,10318.274402499199,929,820
0,P0669_16,10,612046.5,0.21593784132414776,10409.46486568451,960,865
0,P0670_16,12,820945.0,0.2278130690850179,13657.956644415855,1028,1006
0,P0671_16,12,601900.5,0.25487767496454977,13173.971301555634,942,832
0,P0672_16,12,697527.5,0.2568543892534703,13708.271436691284,1028,929
0,P0673_16,9,313689.5,0.23924613351737944,7793.666060090065,746,568
0,P0674_16,12,652339.0,0.21339058373023842,11885.855643868446,895,972
0,P0675_16,12,851596.5,0.2401066702364324,13994.531690239906,957,1165
0,P0676_16,10,542411.0,0.21984067432260776,9245.106572508812,893,927
0,P0677_16,14,818287.0,0.20433906441138622,12994.14347577095,908,1077
0,P0678_16,11,516965.5,0.2292802904642573,9963.427411437035,931,819
0,P0679_16,11,741169.0,0.2436380906378977,14233.859828591347,957,1165
0,P0680_16,11,680656.0,0.2170435579793611,10583.299556612968,912,1092
0,P0681_16,10,377580.0,0.32963080671645745,9282.939115047455,789,649
0,P0683_16,11,901976.0,0.20770840909292487,14495.430994153023,1028,1165
0,P0684_16,11,539825.5,0.250525401263927,11301.470361232758,930,838
0,P0685_16,11,737246.0,0.17180289889670478,10866.534533143044,1028,1104
0,P0686_16,11,469654.0,0.22784858640616285,10169.59314763546,1027,608
0,P0687_16,10,680339.5,0.27453352333651065,13431.679964661598,1023,932
0,P0688_16,11,613432.0,0.30368158165860276,12404.848694324493,754,1165
0,P0689_16,9,553417.5,0.2366170206037937,11730.902426242828,890,878
0,P0690_16,9,600421.5,0.21161134303152035,10992.712959647179,892,913
0,P0691_16,12,474052.5,0.2524425037311268,9455.498611688614,741,856
0,P0692_16,13,877163.5,0.25397089596181327,16185.555831074715,1028,1161
0,P0693_16,10,725842.0,0.25095957522436013,14836.968571186066,982,924
0,P0694_16,11,854296.0,0.21427701873823593,14838.62491095066,1022,1092
0,P0695_16,12,544136.5,0.22770205637739796,10026.297468662262,779,845
0,P0696_16,9,755549.0,0.1994126125506089,10179.337010860443,1028,1150
0,P0697_16,11,574333.5,0.25993260013563546,11008.775891423225,972,813
0,P0698_16,10,758713.5,0.22612224508987913,13396.31920003891,889,1165
0,P0699_16,9,390799.0,0.25487526836046154,8941.80973649025,956,654
0,P0700_16,10,821461.5,0.25262291659438696,14665.388359308243,972,1165
0,P0701_16,10,693795.0,0.21528261229902204,13059.706027269363,921,992
0,P0703_16,10,634720.5,0.24729782636609343,11910.027436256409,988,919
0,P0704_16,11,750567.5,0.24717297245084552,12174.662035346031,1028,1155
0,P0705_16,11,625518.0,0.2626639041562353,13972.052631020546,871,961
0,P0706_16,11,636260.5,0.2491385210931686,10839.7432076931,1028,898
0,P0707_16,10,317448.5,0.2312469581680178,8122.88385283947,849,596
0,P0708_16,11,599563.5,0.20507085571419875,12072.318709611893,900,863
0,P0709_16,10,628299.0,0.23175271646142998,9859.354255795479,1028,904
0,P0711_16,12,653756.0,0.22056241166429066,12770.983214855194,967,857
0,P0712_16,12,723875.0,0.20723191158694526,12147.901544451714,834,1165
0,P0713_16,12,658575.5,0.20217879347166726,9629.440480470657,920,1001
0,P0714_16,11,720888.5,0.20367227386759534,11447.50056707859,1028,935
0,P0715_16,12,564294.5,0.24467543100278313,10386.751224398613,803,1010
0,P0716_16,12,469280.5,0.2548390568114379,11870.383625745773,817,828
0,P0717_16,11,561221.5,0.24502446894853458,10496.169613838196,967,788
0,P0718_16,9,660217.0,0.22402785750745588,10087.420271158218,1028,882
0,P0719_16,10,659835.5,0.25260993080851213,11100.076408624649,990,883
0,P0720_16,10,736091.0,0.22955042243418272,14145.889667987823,1023,1099
0,P0721_16,11,810212.5,0.1987885894132712,12753.909529685974,984,1045
0,P0722_16,13,665482.0,0.271437845050655,14625.435715556145,1009,878
0,P0723_16,12,932375.5,0.18575348665854047,13450.73817205429,1028,1165
0,P0724_16,11,785604.0,0.21283878391657884,12650.343274712563,1028,976
0,P0725_16,11,578948.0,0.26315834928180076,9769.991777062416,784,1011
0,P0726_16,10,700775.0,0.2249652170810888,12249.138136386871,1028,1106
0,P0727_16,12,752831.0,0.24985687358783046,14562.097892999649,785,1165
0,P0728_16,9,619046.5,0.21712585403519769,9720.210032463074,1028,767
0,P0729_16,9,634143.0,0.17871994171661598,7965.585580229759,863,1071
0,P0730_16,10,593790.5,0.2689584963046731,10120.508583784103,819,1018
0,P0731_16,10,728882.5,0.18511762869872717,11055.860957860947,986,958
0,P0732_16,11,699076.0,0.25217143772637024,10277.822292089462,1002,934
0,P0733_16,9,618791.0,0.22252909302171492,10656.858353614807,923,960
0,P0734_16,10,489328.0,0.2990754667625805,10504.271327376366,700,964
0,P0735_16,11,762630.0,0.26495286049591543,13370.226597428322,1028,1165
0,P0736_16,13,861003.0,0.2091804558172271,14352.414321660995,1028,1152
0,P0737_16,11,705470.5,0.24509600330559533,13145.959990382195,1013,1085
0,P0738_16,12,831438.0,0.18080482248826732,12718.772507071495,1002,1165
0,P0739_16,12,481898.0,0.20689855529593398,8326.316466450691,820,968
0,P0740_16,10,732092.0,0.22790441638482595,13878.576238274574,930,939
0,P0741_16,12,661258.0,0.24940038532615105,10952.08635354042,1008,904
0,P0742_16,10,621128.5,0.23377610269050608,11977.878609538078,874,1165
0,P0743_16,10,652129.5,0.20901983425071247,11295.71964085102,990,961
0,P0744_16,10,721052.0,0.2158693131702013,14740.047331809998,924,1028
0,P0745_16,10,703735.5,0.21653021625312352,12536.830117225647,1008,1034
0,P0746_16,11,477644.0,0.19631147884198275,9066.874903321266,893,854
0,P0747_16,12,834529.5,0.19977005007012932,12188.997090220451,987,1095
0,P0748_16,11,757443.0,0.22143844487307957,11269.892483353615,1028,1000
0,P0749_16,11,638385.5,0.23910160866749008,12574.34474849701,1011,827
0,P0750_16,13,913001.0,0.2231289998587077,17762.82389998436,1028,1165
0,P0751_16,9,906690.0,0.15459418323793137,11732.558020114899,1028,1130
0,P0752_16,15,664573.0,0.240211383850984,16125.395435214043,798,1165
0,P0753_16,11,352853.0,0.2887548072426761,7728.323606729507,769,744
0,P0754_16,12,357626.0,0.31900924429431865,7620.000888466835,557,808
0,P0755_16,10,608266.5,0.24329138625914792,12641.621393203735,711,1165
0,P0756_16,11,858784.0,0.22782795208108209,13922.804162144661,1028,1165
0,P0757_16,10,827719.5,0.22278561759146667,11078.135123968124,980,1165
0,P0758_16,11,652991.5,0.24729418376808887,11592.169613838196,927,978
0,P0759_16,10,949938.5,0.16971940815115927,13683.292586803436,1021,1165
0,P0760_16,12,812809.0,0.18098716918734906,11870.326029777527,996,1141
0,P0761_16,11,669289.5,0.21961497976585617,12836.59998345375,794,1136
0,P0762_16,12,665816.5,0.20877974637156033,12859.311985254288,964,1017
0,P0763_16,12,590595.5,0.23699300113190838,10541.059880375862,848,1015
0,P0764_16,12,584807.5,0.22287504862711233,9831.072949409485,775,937
0,P0765_16,10,631532.0,0.20335944971909578,12035.0474152565,1028,808
0,P0766_16,11,549733.0,0.22481095368115067,9770.418183207512,810,993
0,P0767_16,8,792771.0,0.17298816429965275,9588.501443505287,881,1165
0,P0768_16,11,835385.5,0.20840438336552405,11454.86008143425,965,1165
0,P0769_16,12,616216.0,0.23237144118296182,11573.209947705269,772,1122
0,P0770_16,12,625581.5,0.2682704012187061,12595.42172396183,944,991
0,P0771_16,11,762057.0,0.1916877608892773,11574.125019311905,977,1005
0,P0772_16,15,748880.5,0.24988499500254047,13919.05943262577,919,1116
0,P0773_16,11,712224.5,0.23189457818426634,12965.032023072243,916,1077
0,P0774_16,13,653486.5,0.24295987751851034,15536.467540740967,1028,896
0,P0775_16,14,671643.0,0.1929075416553139,11856.330832123756,824,1165
0,P0776_16,12,703058.5,0.21897039862258974,13720.422453641891,865,1165
0,P0777_16,10,509426.5,0.25516144134629826,9983.170882940292,782,879
0,P0778_16,13,827312.5,0.21018418070559794,13565.475016593933,1028,1165
0,P0779_16,10,872720.0,0.197900815840132,12977.0968760252,1028,1165
0,P0780_16,10,762701.0,0.20426746523211586,13118.363768935204,1028,935
0,P0781_16,12,552808.0,0.22426050274236262,9941.857993483543,805,923
0,P0782_16,9,264103.5,0.2820485150707961,6696.863587141037,823,473
0,P0783_16,11,794286.0,0.20374273246664298,11041.888307452202,990,993
0,P0784_16,12,669308.5,0.21373103733181337,10277.052740097046,879,1133
0,P0785_16,10,389060.0,0.2748470672903922,10077.53978574276,865,579
0,P0787_16,11,430103.5,0.28627295523054336,10637.042699456215,964,640
0,P0788_16,10,810003.5,0.20317196160263504,13101.108341932297,1028,1109
0,P0789_16,12,623440.0,0.2744770948286924,11973.341186761856,1028,794
0,P0790_16,10,657667.5,0.227946492718585,13609.14876294136,916,862
0,P0791_16,9,640433.0,0.25731653428227463,11201.150094866753,1028,867
0,P0792_16,10,500411.5,0.22318232094985826,9969.875586152077,903,779
0,P0793_16,10,627336.5,0.23180223054134425,8667.866886615753,924,983
0,P0794_16,13,684262.5,0.22453809758681792,11644.33909881115,867,1155
0,P0795_16,10,521463.5,0.28933568696562656,12409.971476078033,715,1005
0,P0796_16,11,816723.0,0.19049420672614828,11169.978708028793,915,1165
0,P0797_16,9,630075.5,0.20562773826311292,11726.409317851067,1011,793
0,P0798_16,9,396543.0,0.3282393082213026,8647.073912143707,923,701
0,P0799_16,10,548301.5,0.2515203770188482,9483.909621953964,920,953
0,P0800_16,11,633417.5,0.2343004416518331,11895.709458351135,1002,901
0,P0801_16,10,730698.5,0.18508454581472386,10485.080046892166,999,1039
0,P0802_16,11,604075.5,0.2633412545286144,10693.077125310898,955,923
0,P0803_16,14,773371.5,0.22878008822409412,14483.162483215332,829,1165
0,P0804_16,12,876336.5,0.21870822452334235,14396.449698805809,1028,1165
0,P0805_16,11,773579.5,0.23055031835771242,11617.781873464584,916,1165
0,P0807_16,12,856259.5,0.2136571915406486,14546.680379986763,1028,1097
0,P0808_16,13,826699.0,0.19783258477390198,15009.20768404007,1028,1117
0,P0809_16,13,654005.0,0.24273820536540242,11757.529128193855,1002,883
0,P0810_16,12,785793.0,0.18894797993873705,12036.412254452705,907,1165
0,P0811_16,11,751976.0,0.18807515133461705,10952.57163476944,948,1079
0,P0812_16,12,783933.5,0.21533459151828568,14291.186827778816,928,1092
0,P0813_16,9,519911.0,0.20528128852822888,10328.662045121193,836,868
0,P0814_16,9,314396.5,0.3187758133439781,6952.2189255952835,836,640
0,P0815_16,12,688049.0,0.2516884698618848,14950.47852563858,1028,940
0,P0816_16,13,812803.0,0.21884023557983914,12293.085477113724,1028,962
0,P0817_16,12,748909.5,0.18037827000458667,13393.034362912178,1019,971
0,P0818_16,11,575865.5,0.29378561487013893,11090.75836467743,906,873
0,P0819_16,11,694313.0,0.21125486632109725,10818.554389834404,962,1015
0,P0820_16,10,611725.5,0.2754879435302272,13072.327363371849,982,942
0,P0821_16,11,842033.0,0.2906061876434772,15373.81105351448,996,1101
0,P0822_16,12,575683.0,0.23984901412756673,10777.978708028793,965,866
0,P0823_16,11,585077.5,0.2867910661408104,10372.214208364487,820,1032
0,P0824_16,12,828962.0,0.22621302303362517,13466.857117056847,1000,1140
0,P0825_16,11,318507.0,0.24442162966591002,7033.473758816719,962,498
0,P0826_16,11,900535.5,0.21204494436921142,16695.78722989559,949,1165
0,P0827_16,10,504604.5,0.2951935624830932,11674.38058423996,774,918
0,P0828_16,11,988298.5,0.16618460920460773,13269.3276014328,1028,1165
0,P0829_16,13,581740.0,0.2641712792656513,9725.71275806427,998,917
0,P0830_16,11,518238.5,0.27433893853891594,11341.62524819374,783,934
0,P0831_16,11,764786.0,0.2210029995318952,12581.470287919044,852,1048
0,P0832_16,10,754869.5,0.2082624877545059,12564.24313902855,994,1137
0,P0833_16,10,501295.0,0.2307663152435193,9552.107205748558,920,916
0,P0834_16,11,732174.5,0.2185585540059098,12197.917839288712,980,1100
0,P0835_16,13,721839.0,0.19661586586482582,12563.741188645363,916,1156
0,P0836_16,12,647296.5,0.24295512180275963,11407.23965203762,891,1055
0,P0837_16,9,747855.5,0.2273567554159861,11119.937077879906,995,1002
0,P0838_16,12,954753.0,0.22010195307058475,13670.67335152626,992,1152
0,P0839_16,11,571960.0,0.2695555633261067,11476.942884087563,899,822
0,P0840_16,11,533254.5,0.22976458707802747,10200.089317917824,916,860
0,P0841_16,12,813956.0,0.1960781663873723,12847.470970273018,1028,1024
0,P0842_16,11,315604.5,0.3346340118724543,9014.195442199707,827,652
0,P0843_16,9,804868.5,0.20140805609860493,10936.134712219238,1006,1110
0,P0844_16,12,796044.5,0.21203211629500612,12893.73431456089,1028,944
0,P0845_16,10,785217.0,0.21156444651605863,11935.126306891441,928,1120
0,P0846_16,13,585408.0,0.2416861402645676,11751.635561227798,889,940
0,P0847_16,10,583664.5,0.25468398369268647,9562.033407211304,790,1165
0,P0848_16,11,530378.0,0.2678787581687023,10491.11921453476,902,784
0,P0849_16,11,875237.5,0.21465830703094874,13724.44364452362,994,1111
0,P0850_16,13,773176.0,0.2246474282698894,13341.262151122093,1028,1042
0,P0851_16,11,531941.5,0.22824314327797324,9554.136021971703,897,840
0,P0852_16,9,585547.5,0.1927068256631614,9911.915657043457,994,794
0,P0853_16,11,700746.5,0.21457831041610625,11401.446378469467,916,1074
0,P0854_16,11,805454.0,0.20267699955553017,13307.831354737282,1022,1131
0,P0855_16,10,912378.0,0.19502004651580815,15229.326004624367,1028,1165
0,P0856_16,8,524313.0,0.22038553306898742,6947.851394534111,820,851
0,P0857_16,11,721868.0,0.259791263776757,13753.378835558891,1015,974
0,P0858_16,10,756266.5,0.22068014383818402,11204.044723391533,897,1165
0,P0859_16,11,646082.0,0.22765840868496567,11156.255838513374,1028,911
0,P0860_16,11,560788.5,0.2752998679537829,10253.655771493912,1028,694
0,P0861_16,9,481336.0,0.25354014659198565,7995.734569549561,866,704
0,P0862_16,11,678079.5,0.23243292268826884,12891.902659893036,996,887
0,P0863_16,12,890628.5,0.22553511368657078,14863.68158686161,1028,1092
0,P0864_16,11,551942.5,0.23250247987788583,9971.253750562668,1009,794
0,P0865_16,7,502848.5,0.2139889052070355,8247.853073716164,860,1009
0,P0866_16,12,507414.5,0.2928631326065771,10321.108650803566,903,788
0,P0867_16,8,440346.0,0.17240533580411768,7074.836237549782,915,770
0,P0868_16,12,789778.0,0.23341116111109705,14710.80827987194,1028,957
0,P0869_16,11,928517.0,0.21981503838917327,14648.076439142227,1028,1165
0,P0870_16,15,545539.5,0.23882230342624136,11160.004227161407,1004,800
0,P0871_16,10,417929.5,0.25715581216449185,10260.022007107735,784,709
0,P0872_16,13,840790.0,0.2150893802257401,14077.537899136543,1028,1165
0,P0873_16,13,557346.0,0.2808650281871584,11786.77845776081,1020,907
0,P0874_16,13,549304.5,0.30359117757091014,10487.204210877419,887,896
0,P0875_16,10,461520.5,0.21706728086834712,7598.97837293148,958,677
0,P0876_16,12,723839.5,0.2579826052598677,14520.447541117668,1028,937
0,P0877_16,11,616705.0,0.22620864108447314,11187.570649504662,977,926
0,P0878_16,10,809043.5,0.1971822281496607,13198.617399692535,1026,1165
0,P0879_16,9,754617.5,0.22244382087613923,12829.636394381523,988,1165
0,P0880_16,10,790709.5,0.2051802842889835,12186.600195884705,1028,1075
0,P0881_16,10,935419.0,0.1872337423122686,15475.576789975166,1028,1165
0,P0882_16,11,870778.0,0.22051544710592136,13133.22627389431,1025,1154
0,P0883_16,11,711662.0,0.23204133422888956,13037.986490368843,1028,965
0,P0884_16,10,622675.0,0.21612076926165336,12186.516009807587,1028,911
0,P0885_16,13,779039.0,0.2073991160904653,14562.501440405846,905,1165
0,P0887_16,10,662921.0,0.22239754058175862,13408.89813220501,973,905
0,P0888_16,11,593385.0,0.23978529959469821,11084.032877326012,841,995
0,P0889_16,12,564211.5,0.25355030870515755,10642.231453299522,842,981
0,P0890_16,11,947414.5,0.1959026381800152,12302.014409422874,1028,1165
0,P0891_16,12,626192.0,0.22993746327005135,13252.60480606556,986,810
0,P0892_16,11,431543.5,0.3162740256775968,10427.3941552639,753,864
0,P0893_16,11,531193.5,0.24165581845410383,9603.999121904373,951,886
0,P0894_16,10,421825.0,0.24969833461743615,8391.367829442024,767,762
0,P0895_16,10,881268.0,0.22211744894856048,14160.537405490875,946,1165
0,P0896_16,11,678884.5,0.21731384351830096,11742.450492501259,943,916
0,P0897_16,11,339085.5,0.27173382524466544,7761.502486467361,925,564
0,P0899_16,11,481969.0,0.31690212441049115,9823.177630543709,1028,745
0,P0900_16,11,721643.5,0.22193091186991915,14023.96793627739,981,1015
0,P0902_16,13,464261.5,0.27364104066350536,11613.909194588661,827,794
0,P0903_16,7,340810.5,0.3311781767287099,8374.500229001045,864,501
0,P0904_16,12,670568.0,0.22737887880125507,11350.578734397888,967,866
0,P0905_16,10,660433.0,0.23564237401825772,9539.648755550385,1028,830
0,P0906_16,10,679714.0,0.20083593982174855,10257.589756131172,989,885
0,P0907_16,13,591698.5,0.25876523263114576,10063.832396745682,980,855
0,P0908_16,13,771414.5,0.19859232617483855,12631.428622961044,1018,950
0,P0909_16,12,779445.0,0.22369506507835704,13596.080389618874,967,979
0,P0910_16,10,478271.5,0.19779978526840927,9274.59535229206,753,874
0,P0911_16,12,635819.5,0.2589351223106558,10787.33404648304,914,960
0,P0912_16,12,622744.0,0.27137314851688654,14961.487643837929,934,928
0,P0913_16,12,570982.5,0.21450920124522205,11160.89498603344,946,862
0,P0914_16,12,887167.0,0.2263576079813609,14706.301802396774,1028,1165
0,P0915_16,11,728552.5,0.21543402843309165,14726.737719655037,995,940
0,P0916_16,9,593373.0,0.23802734536286618,9887.568102836609,822,1101
0,P0917_16,11,643366.0,0.2457372630819782,13167.62310731411,1027,854
0,P0918_16,11,537234.0,0.23106504800515232,10405.953536748886,971,793
0,P0919_16,10,634897.0,0.2448964162690956,11889.669110774994,1021,841
0,P0920_16,10,674218.5,0.2098874474669562,11107.005745530128,994,863
0,P0921_16,11,750396.5,0.21881898436359978,12700.317051529884,1028,1165
0,P0922_16,11,681909.5,0.21688655166118084,12726.165469050407,879,938
0,P0923_16,11,694080.0,0.190773397879207,12665.832499623299,1028,962
0,P0924_16,13,621048.5,0.20979037869023112,12350.873194813728,923,874
0,P0925_16,12,510008.0,0.27553881507741057,11007.908424139023,882,784
0,P0926_16,11,644047.5,0.2222305031849359,11711.59814298153,1028,796
0,P0927_16,11,555457.5,0.2371756615042555,8916.20585656166,1005,778
0,P0928_16,11,553181.5,0.24892734120718066,12369.133343219757,946,832
0,P0929_16,10,809430.5,0.17788803362364033,12485.569767355919,959,1165
0,P0930_16,10,610999.0,0.2621624585310287,11449.562406539917,905,888
0,P0931_16,11,667979.0,0.20802749787044203,12259.542662143707,1015,848
0,P0932_16,9,407059.5,0.25533367972004095,9456.24883544445,896,598
0,P0933_16,11,700018.5,0.20990588105885774,10681.20377445221,1004,832
0,P0934_16,13,722530.5,0.22840004678003212,11581.392846107483,894,1128
0,P0935_16,9,469028.0,0.2030688999377436,8536.205235600471,950,738
0,P0936_16,10,394993.0,0.3455808077611502,10556.738435983658,773,636
0,P0937_16,11,522700.0,0.2202391429118041,10462.359308123589,930,828
0,P0938_16,10,367336.0,0.30851318683711915,9167.273959875107,885,616
0,P0939_16,11,469062.5,0.26122744836775486,11518.978773117065,830,778
0,P0940_16,11,805764.5,0.21298158456968505,10547.229365348816,1017,1165
0,P0941_16,12,667665.0,0.21398605588131772,13884.78004348278,965,932
0,P0942_16,12,548206.5,0.24434770474264716,12551.104999303818,951,757
0,P0943_16,11,804077.0,0.2186817929128678,12680.281592488289,878,1165
0,P0944_16,11,505990.5,0.2977822706157527,12282.089586138725,956,752
0,P0945_16,13,702521.0,0.2234310433424766,13115.415404081345,1028,922
0,P0946_16,9,423740.5,0.27110460293505106,8889.815065026283,861,694
0,P0947_16,10,596707.5,0.27738381032582965,12173.030372142792,1011,714
0,P0948_16,12,583858.0,0.24346673334954733,12805.29151725769,1028,791
0,P0949_16,10,672032.5,0.23161975053289832,11530.56153011322,1003,907
0,P0950_16,12,617628.5,0.21142806719573337,13712.035384178162,928,832
0,P0951_16,13,605770.5,0.25342600869471194,12939.72121322155,973,862
0,P0952_16,9,574682.5,0.21276965976865486,9416.611940979958,953,767
0,P0953_16,9,952332.0,0.1955505012957666,15516.285232067108,1028,1162
0,P0954_16,11,743356.0,0.21561808877576827,13112.032465219498,1028,952
0,P0955_16,11,680363.0,0.2069630476672012,12934.294518709183,897,1061
0,P0956_16,9,675073.5,0.20381780650551384,12282.297290086746,1028,807
0,P0957_16,11,442819.0,0.29295716760120954,9021.953111290932,975,644
0,P0958_16,10,706264.5,0.2088707559278429,10175.542197227478,969,994
0,P0959_16,11,491907.5,0.2563916996589806,11087.537811279297,888,742
0,P0960_16,12,664924.5,0.24728972988662623,12250.323955059052,985,908
0,P0961_16,10,566898.0,0.21889122910999861,9514.48244023323,932,800
0,P0962_16,11,724882.5,0.25394598434918764,12607.789509177208,953,920
0,P0963_16,12,851100.0,0.2464375514040653,12153.09140586853,1024,1152
0,P0964_16,13,743513.0,0.2136384972421464,13958.336630821228,1028,921
0,P0965_16,10,617267.0,0.20952197347339158,11397.653790950775,984,876
0,P0966_16,9,408629.5,0.25187608824130414,8120.266124725342,864,630
0,P0967_16,11,389397.0,0.28788357383338853,7628.363529801369,931,553
0,P0968_16,10,447074.0,0.27044516120373807,9501.207175254822,910,704
0,P0969_16,8,652649.0,0.17425599365049207,8549.535064339638,1028,883
0,P0970_16,13,649110.0,0.2211443360909553,14188.78814458847,1028,848
0,P0971_16,11,595082.0,0.22995318292268965,9309.911481142044,885,997
0,P0972_16,10,806637.0,0.20161981163770074,12823.830909132957,948,1136
0,P0973_16,10,587715.0,0.21684830232340505,10171.595502495766,878,934
0,P0974_16,11,588294.5,0.21985077201979622,9275.028223276138,978,875
0,P0975_16,11,712886.0,0.2074511212171371,10832.189823150635,942,1011
0,P0976_16,10,507307.0,0.23983307937797035,9906.768469333649,968,738
0,P0977_16,8,347473.0,0.3701006984715359,8069.517940163612,735,721
0,P0978_16,13,470312.0,0.3110084369524911,9938.000937223434,884,790
0,P0979_16,11,685407.5,0.17654315133697837,11236.710696339607,961,1054
0,P0980_16,14,551484.5,0.28393726387595664,13015.764421343803,919,768
0,P0981_16,11,948828.5,0.19948283593926616,12600.68345618248,1028,1131
0,P0982_16,10,683369.5,0.24541042583843733,15431.01090669632,882,1072
0,P0983_16,10,592356.5,0.21192643281537385,8342.223101496696,964,876
0,P0984_16,11,791212.0,0.19131155745868364,13917.792399525642,1028,974
0,P0985_16,11,510903.5,0.23862627678221035,12026.562685728073,971,696
0,P0986_16,12,459371.5,0.2823988863044399,10281.143140673637,960,588
0,P0987_16,11,643421.0,0.2526495094191828,10562.601948738098,984,904
0,P0988_16,10,637802.5,0.22788559154283652,10072.996829390526,920,1027
0,P0989_16,11,654980.0,0.2503664234022413,13416.704144597054,968,946
0,P0990_16,10,586158.5,0.2437873032635371,12827.104335546494,985,773
0,P0991_16,12,809593.0,0.20503018183210575,15371.404817819595,981,1064
0,P0992_16,11,931533.0,0.21255822391691975,15144.412671327591,1020,1165
0,P0993_16,11,513947.0,0.28520255979702186,11320.14046895504,892,768
0,P0994_16,10,813001.0,0.21962457610753247,12687.457217931747,1028,1077
0,P0995_16,11,793559.5,0.22443811711661193,14818.038924574852,1028,1026
0,P0996_16,11,665744.0,0.2568780191785431,15238.826667904854,1028,845
0,P0997_16,13,750499.5,0.24040255856266393,12922.988753795624,1028,938
0,P0998_16,10,700542.5,0.19334872616579293,12256.188839912415,990,949
0,P0999_16,11,444781.0,0.2637882463504511,10562.412695407867,755,867
0,P1000_16,11,633814.0,0.20904397820180684,10908.056643605232,973,942
0,P1001_16,11,744978.5,0.23452757361454055,12260.959805607796,1028,860
0,P1002_16,9,598258.5,0.2053694180692794,10870.526845097542,943,924
0,P1003_16,11,619410.5,0.22753408280938087,11722.894571304321,948,899
0,P1004_16,13,638707.5,0.2732674972503063,13523.911605715752,988,960
0,P1005_16,13,770884.5,0.18728875726519342,13421.230058908463,1028,939
0,P1006_16,12,535885.0,0.26008192056131446,11941.607464075089,854,821
0,P1007_16,11,702203.0,0.19254973276958373,12566.120081067085,972,942
0,P1008_16,11,659577.0,0.2027602539203156,10256.917744994164,1028,1000
0,P1009_16,11,616662.5,0.21618470395070236,11416.157394170761,1002,911
0,P1010_16,13,617441.0,0.2627344151101077,13300.074735999107,1028,755
0,P1011_16,11,505868.0,0.18945851486949164,8439.62007009983,858,873
0,P1012_16,11,557367.5,0.25472959941151935,8957.99474143982,966,820
0,P1013_16,12,534726.5,0.2852878995149857,10903.877715945244,1003,723
0,P1014_16,10,702844.5,0.2130926542072962,12626.392924666405,1028,915
0,P1015_16,12,647320.5,0.2656025878988847,13205.953571796417,1028,778
0,P1016_16,12,676732.0,0.26722395276121125,13616.934484124184,804,1021
0,P1017_16,10,662291.0,0.22202777932963003,11643.802082777023,979,966
0,P1018_16,13,746698.0,0.26774010376350277,13549.546951293945,1028,966
0,P1019_16,12,698648.5,0.23563351241718833,15037.423768997192,990,853
0,P1020_16,10,580855.5,0.2695162566249265,14263.142987847328,927,798
0,P1021_16,11,724385.5,0.19238513194976983,12860.253029108047,1020,956
0,P1022_16,10,571296.5,0.270178444993099,10542.841624975204,964,760
0,P1023_16,10,450393.0,0.2564760109504366,9493.731082439423,947,657
0,P1024_16,11,537065.5,0.2541347377554507,8786.663788199425,803,887
0,P1025_16,13,289285.5,0.4147356158535426,10971.716050863266,818,460
0,P1026_16,11,530265.0,0.26768691126135047,9805.991777062416,935,790
0,P1027_16,11,798731.5,0.253096315845813,11810.262893557549,1028,1012
0,P1028_16,13,401126.0,0.3650698284329612,12234.794065952301,861,670
0,P1029_16,13,800451.0,0.2610128540035555,14037.26924264431,999,1045
0,P1030_16,13,538819.0,0.3075151395923306,12389.522458553314,894,834
0,P1031_16,10,754565.0,0.24417379549806842,11455.91983294487,1026,1013
0,P1032_16,10,639486.5,0.21064400890401908,12441.402530670166,992,832
0,P1033_16,13,454602.0,0.2728188613336501,11479.634332418442,977,608
0,P1034_16,11,667396.0,0.2899103380901294,11008.010233521461,916,1011
0,P1035_16,10,518175.0,0.225531914893617,7070.738696694374,932,821
0,P1036_16,11,675139.0,0.22690290443893776,12786.798787474632,887,1024
0,P1037_16,10,496555.5,0.2676639368610357,10399.885895729065,812,948
0,P1038_16,10,666107.0,0.18919633031930305,11772.854068875313,1028,896
0,P1039_16,11,638717.5,0.22225788396278479,11737.484779715538,900,926
0,P1040_16,11,460938.5,0.2844001965555058,10049.74539232254,948,697
0,P1041_16,10,554027.5,0.2437785127994549,9828.996829390526,960,832
0,P1042_16,11,797643.0,0.28387135598256363,16071.010806202888,967,1101
0,P1043_16,12,662851.5,0.23043622892910404,10521.194875478745,935,1068
0,P1044_16,12,804189.0,0.20700606449478917,16019.528913378716,1028,1008
0,P1045_16,10,455582.0,0.2723878467542616,9790.537359118462,878,758
0,P1046_16,10,485579.5,0.2375038484944278,9242.144017100334,876,797
0,P1047_16,11,863531.5,0.19669114560383727,13120.155829787254,1028,1165
0,P1048_16,9,541654.5,0.2617055706174323,9327.069985032082,740,1055
0,P1049_16,11,667000.5,0.24396083661106702,11873.844363093376,898,903
0,P1050_16,13,672983.5,0.23991227125182119,13848.58342385292,1015,841
0,P1051_16,12,653017.0,0.28555611875341685,9445.849313139915,1028,886
0,P1052_16,13,905750.5,0.23911441395836933,16084.621002435684,1028,1165
0,P1053_16,14,284922.5,0.4588230132755398,14439.501692056656,773,485
0,P1054_16,12,486026.0,0.348324986729105,9514.21419453621,889,768
0,P1055_16,11,587521.5,0.21589167375151377,9539.80801153183,999,821
0,P1056_16,13,507724.0,0.2938033262166059,13052.721527576447,990,708
0,P1057_16,11,364798.5,0.23493791778200843,9543.81140589714,760,567
0,P1058_16,12,713843.5,0.24362342726381903,12647.482744336128,998,945
0,P1059_16,12,703920.0,0.204781793385612,13219.35355770588,998,808
0,P1060_16,10,658112.0,0.2284930224642614,13693.218521356583,1011,865
0,P1061_16,12,622173.0,0.24021293113008763,12442.617624402046,1002,921
0,P1062_16,10,818531.0,0.1661036662020131,11730.240758538246,946,1165
0,P1063_16,9,604101.0,0.23396584345995122,10395.572546243668,937,873
0,P1064_16,12,861548.0,0.2109957889751935,15232.024075865746,989,1165
0,P1065_16,11,678470.5,0.21223177721065248,11072.280223727226,1020,880
0,P1066_16,10,466713.0,0.2839110973981869,12968.334286093712,861,708
0,P1067_16,11,453177.5,0.24201333914415432,8935.977682352066,916,704
0,P1068_16,13,501158.5,0.28421148199621477,11917.106284737587,987,680
0,P1069_16,10,579505.0,0.23953028878094235,9410.612053394318,850,868
0,P1070_16,10,555576.0,0.21714220916670265,9857.253750562668,1000,736
0,P1071_16,12,771238.0,0.21850323765167173,13734.362933516502,934,1019
0,P1072_16,13,709492.0,0.22175866676438916,17033.87813079357,1028,968
0,P1073_16,12,573092.5,0.2616261772750472,11056.104947209358,938,869
0,P1074_16,12,452875.5,0.3100808058726957,12063.287405490875,929,715
0,P1075_16,13,808323.5,0.20602518669814746,14812.961143493652,1028,962
0,P1076_16,12,667504.0,0.2600358949159855,11393.858648777008,1009,1012
0,P1077_16,12,508522.0,0.24549577009450918,9961.059880375862,856,872
0,P1078_16,12,885548.0,0.20277387561148577,13956.924717068672,1028,1105
0,P1079_16,11,501834.0,0.21191270420099076,9413.28929078579,872,793
0,P1080_16,12,625120.5,0.24493357680639172,12751.42476785183,979,866
0,P1081_16,10,515791.5,0.21852046805734487,8713.835361123085,949,720
0,P1082_16,11,671773.5,0.21550418407394753,13064.548108816147,988,947
0,P1083_16,12,673848.5,0.249139086901581,12570.180930018425,957,872
0,P1084_16,11,777827.5,0.21151990640598334,14177.239306092262,1028,1014
0,P1085_16,12,841113.0,0.21337204394653275,12699.697430729866,1020,1019
0,P1086_16,8,606615.0,0.18754729111545215,10715.427847981453,1004,787
0,P1087_16,11,736278.5,0.21580964268276204,12346.672603487968,1028,999
0,P1088_16,14,682795.5,0.1897815671017164,12532.031148552895,1010,1001
0,P1089_16,13,702981.0,0.21898031383494007,12593.773458242416,1028,863
0,P1091_16,11,593734.5,0.24220421754167898,12527.440921068192,846,960
0,P1092_16,10,617785.5,0.2501337438317992,9933.57185792923,873,940
0,P1093_16,12,664702.0,0.22093960902780493,12368.226143360138,915,1041
0,P1094_16,10,775409.5,0.22780350253640175,13232.665011525154,988,938
0,P1095_16,12,695187.0,0.2883742072276956,14013.393276453018,1019,929
0,P1096_16,12,459966.5,0.2887058079229683,11928.47394323349,775,817
0,P1097_16,15,842042.5,0.25697752785637307,15051.543857693672,1018,1100
0,P1098_16,12,751929.0,0.22917722284949776,13538.794609189034,952,1165
0,P1099_16,13,536285.0,0.2569753023112711,13361.148444056511,911,882
0,P1100_16,11,653043.0,0.22492393303350622,10650.841624975204,1025,819
0,P1101_16,11,445537.0,0.23301543979512362,7626.485951423645,867,720
0,P1102_16,12,682830.0,0.26000322188538877,11406.044723391533,929,960
0,P1103_16,10,516621.0,0.27344997590109577,11239.343736052513,1028,693
0,P1104_16,12,603243.0,0.2857256528463654,12091.03029847145,923,864
0,P1105_16,10,461319.0,0.22617321202898644,8571.62007009983,962,670
0,P1106_16,12,429680.5,0.3361660582688765,9551.766381382942,740,720
0,P1107_16,11,627599.5,0.2428300213750967,12070.968634963036,1010,818
0,P1108_16,14,592424.5,0.2765280639136295,11972.143372893333,948,832
0,P1109_16,11,609979.5,0.2529232539782075,11070.056734800339,920,931
0,P1110_16,9,659247.5,0.18671439785513028,10975.588974356651,931,859
0,P1111_16,11,792399.5,0.1859541809402959,12294.482445716858,1028,1076
0,P1112_16,11,573411.0,0.23363695499388745,8480.299221515656,883,913
0,P1113_16,12,666239.0,0.23166911573774576,13117.931952118874,902,994
0,P1114_16,9,602653.5,0.20523567854496821,9339.673016428947,927,1014
0,P1115_16,11,581614.0,0.21598517229640277,11383.585227489471,1028,700
0,P1116_16,11,533045.5,0.24936708029614732,7697.213873267174,982,780
0,P1117_16,10,473051.0,0.2277175188298936,10073.902754426003,903,757
0,P1118_16,10,445757.5,0.26130575481063134,9625.149566411972,971,708
0,P1119_16,11,538570.5,0.2294370003555709,10415.963995456696,861,880
0,P1120_16,11,552681.5,0.1959103027693165,10518.856411576271,802,1025
0,P1121_16,13,579358.5,0.21081938040090895,11487.870075941086,873,920
0,P1122_16,10,613760.5,0.20988642964152956,9390.256403326988,953,856
0,P1123_16,10,489960.0,0.28563352110376355,9355.779450416565,940,677
0,P1124_16,12,727291.5,0.22026793933381594,12879.930980443954,999,917
0,P1125_16,11,644025.5,0.20413166869945368,12206.715238451958,958,939
0,P1126_16,10,560877.0,0.23833032910959087,9358.349203467369,892,885
0,P1127_16,12,634412.0,0.2223539277315057,12483.035437107086,987,860
0,P1128_16,9,378320.0,0.25625132163248043,8450.531757473946,899,549
0,P1129_16,9,301365.5,0.30408590233454064,8307.318506121635,868,453
0,P1130_16,10,472097.0,0.2527849149645094,9998.162656903267,759,824
0,P1131_16,11,587250.0,0.20321668795232015,9795.991777062416,891,839
0,P1132_16,12,488208.5,0.28805315761605954,11527.489826440811,961,712
0,P1133_16,12,514776.0,0.2553479571697204,13429.303599834442,826,860
0,P1134_16,12,468667.0,0.2851747616111226,9318.202892184258,904,664
0,P1135_16,11,474757.5,0.25969889891154957,7850.073825836182,900,818
0,P1140_16,9,592111.0,0.2480328857258183,9408.646543264389,938,932
0,P1141_16,12,673210.0,0.21808648118714813,10141.479146242142,908,1012
0,P1143_16,12,363179.0,0.30555456124941144,10325.356362342834,715,764
0,P1148_16,12,697144.5,0.19479462292250746,12990.032476305962,957,930
0,P1150_16,11,758006.5,0.2296405109982566,10620.309617877007,919,1165
0,P1152_16,12,758038.0,0.27264991992485865,13288.262298822403,1006,1031
0,P1153_16,10,485811.0,0.2363882250504826,9061.703330397606,895,751
0,P1154_16,12,548670.0,0.26058650919496235,10423.895447731018,975,883
0,P1155_16,10,566410.0,0.25148567292244134,10768.714016795158,874,996
0,P1156_16,12,907441.0,0.2153836998769066,16570.9160695076,1028,1165
0,P1157_16,13,654515.0,0.2102839507115956,11012.58173942566,842,1043
0,P1158_16,11,524897.0,0.3061362514931501,12000.874732971191,904,776
0,P1159_16,10,448326.0,0.30656263522526017,11607.19755578041,993,749
0,P1160_16,12,600713.5,0.3191371593946199,12456.128413558006,911,1012
0,P1161_16,12,749788.0,0.2289100385709027,15266.18703007698,1028,960
0,P1162_16,11,858871.5,0.2201633189598211,12242.894571304321,1018,1096
0,P1163_16,11,616779.0,0.2751487972191012,9908.830308794975,845,1082
0,P1164_16,10,523030.0,0.274766265797373,10465.740949630737,916,877
0,P1165_16,12,496948.5,0.2854742493437449,12207.702929496765,999,712
0,P1166_16,12,646041.5,0.2505969043784339,12915.467620372772,933,952
0,P1167_16,13,783724.5,0.21381365518112552,12961.9311491251,948,1073
0,P1168_16,10,367379.5,0.2923706956975008,9576.079120993614,924,552
0,P1169_16,11,938768.0,0.21056746714843283,14665.442340493202,1002,1165
0,P1170_16,8,739714.0,0.23544505038433772,12354.929540753365,1015,1134
0,P1171_16,10,514330.5,0.25493918793460624,11954.140779852867,872,780
0,P1172_16,12,793479.0,0.2064478076924531,14212.71142590046,1026,1015
0,P1173_16,9,486504.0,0.3109861378323714,8683.318554401398,862,826
0,P1174_16,11,892950.5,0.16998814603945012,15323.538052916527,1028,1133
0,P1175_16,11,860657.5,0.17791978806900538,14601.088152170181,1028,1165
0,P1176_16,10,684497.5,0.22265968831149857,11938.588864207268,851,992
0,P1177_16,10,665302.5,0.23549738652718125,11035.517812013626,928,949
0,P1179_16,13,643612.5,0.25035560993610284,10839.518324136734,947,951
0,P1181_16,8,694339.5,0.21691261983510948,12054.642554044724,985,986
0,P1182_16,11,639588.5,0.23457895193550227,9395.769345760345,1028,881
0,P1188_16,10,773521.0,0.21038213571447964,13145.169864535332,1012,1031
0,P1189_16,11,931169.5,0.19113491152792267,13374.589264273643,1028,1165
0,P1190_16,11,880158.0,0.2001992824015688,12447.730138659477,1028,1165
0,P1191_16,11,667934.0,0.2373153634939979,12430.954356074333,957,941
0,P1192_16,9,405835.0,0.2270996833688568,8155.848430156708,838,637
0,P1193_16,10,703056.0,0.21524601169750346,12174.430294156075,943,1016
0,P1194_16,14,814142.5,0.22169460505992503,14711.262720823288,1028,1152
0,P1195_16,12,763587.5,0.22824234288801218,14499.84421646595,975,1036
0,P1196_16,11,627439.0,0.24354558769856513,8626.725627660751,971,891
0,P1197_16,11,494438.0,0.23765163680785054,10928.398618340492,871,736
0,P1198_16,12,754544.5,0.23158210019422315,12740.008978128433,972,1080
0,P1199_16,12,786096.0,0.2372229346034072,13897.063257932663,1008,1022
0,P1200_16,9,575417.5,0.21148470458406288,9239.67598080635,872,1004
0,P1201_16,13,790630.5,0.22399970656330612,14930.668091416359,952,1132
0,P1202_16,12,513542.0,0.23496812334726275,9868.248698234558,1011,747
0,P1203_16,10,746708.0,0.23165815820909913,13890.197855114937,1028,1051
0,P1204_16,11,664641.5,0.24218770570299927,10895.80922305584,910,1026
0,P1205_16,11,425405.0,0.33870311820500465,9006.016349434853,826,686
0,P1206_16,11,824061.5,0.21453010485261112,15493.349251389503,1028,1165
0,P1207_16,11,583928.5,0.22531011930399014,10460.454564213753,921,813
0,P1208_16,10,542895.0,0.20581696276443878,10058.196671962738,856,900
0,P1209_16,9,396586.0,0.2464484374133227,8257.915905237198,996,584
0,P1210_16,10,592554.0,0.29914404425588215,11192.798426151276,916,885
0,P1211_16,12,623361.5,0.23821811260400266,12076.485325336456,856,1098
0,P1212_16,12,591474.0,0.24226593223032628,12908.271704435349,858,1035
0,P1213_16,9,535484.5,0.23494424208357104,9611.621746778488,836,902
0,P1214_16,11,761145.5,0.2088838467809374,11236.9378708601,930,1010
0,P1215_16,13,904025.5,0.26679004076765533,14489.265719652176,1013,1165
0,P1216_16,13,680940.0,0.26231679736834373,11899.715858101845,1028,1056
0,P1217_16,12,793599.0,0.24610414075622575,14177.302700042725,996,1103
0,P1218_16,15,517457.0,0.2610613055770818,10797.890110254288,832,848
0,P1219_16,10,792320.0,0.20058183562197093,10187.614141345024,1023,1165
0,P1220_16,12,729223.0,0.2164152803737677,12969.520381689072,914,1000
0,P1221_16,10,918410.5,0.17587451362979845,14981.637813091278,1013,1165
0,P1222_16,12,580789.0,0.22748020365399482,9928.643578886986,996,831
0,P1223_16,11,704879.5,0.2904439695011701,11934.573736548424,986,1141
0,P1224_16,11,714539.0,0.2163464835369378,11989.779577374458,933,1012
0,P1225_16,12,517184.0,0.24380684630615024,9731.461901307106,880,816
0,P1226_16,12,561287.5,0.2713671692314545,11871.73609662056,928,866
0,P1227_16,10,734158.0,0.2309121469765364,13197.478608846664,983,1067
0,P1228_16,11,587722.0,0.2765048781566795,8780.760117530823,845,897
0,P1229_16,11,653354.5,0.23393884943013327,12935.109639286995,1028,937
0,P1231_16,11,549528.5,0.22259991974938514,10177.248022675514,849,879
0,P1232_16,11,750248.5,0.21488213571903175,11109.63259780407,1028,1000
0,P1233_16,8,505126.5,0.32617572033936054,9783.05059337616,967,651
0,P1234_16,11,599787.5,0.2404101452597795,10606.973655700684,974,938
0,P1235_16,8,437681.5,0.21335377437702988,7920.303208947182,698,864
0,P1236_16,12,776537.0,0.1821355582541463,12551.120456457138,895,1136
0,P1237_16,12,799525.0,0.21724148713298522,13078.49672627449,1028,1006
0,P1239_16,12,492950.0,0.25688000811441325,10887.560902118683,803,864
0,P1240_16,13,754241.5,0.21904124872471217,12472.045934915543,966,990
0,P1241_16,9,616262.5,0.1984560150909718,10056.800891041756,1028,826
0,P1242_16,10,565389.0,0.24996064656369332,12307.968545675278,968,825
0,P1244_16,12,687311.5,0.3085893368581786,14627.84364104271,1011,1033
0,P1245_16,14,867842.0,0.23302628819531665,16278.77876317501,996,1134
0,P1246_16,10,678742.0,0.2450725017753432,12913.628626346588,1028,921
0,P1248_16,12,667961.0,0.23677879397150434,12559.33070385456,969,883
0,P1249_16,12,529705.5,0.26246282132241405,12247.141143321991,852,864
0,P1250_16,11,711655.5,0.2074374469107595,11871.608212590218,1028,1002
0,P1251_16,12,646177.0,0.24742601485351537,11400.034618735313,909,1020
0,P1252_16,10,579181.0,0.22365892527551837,11070.430736541748,1020,726
0,P1253_16,10,920628.0,0.20503721372802045,11453.074160933495,1028,1165
0,P1254_16,9,539906.5,0.29500848758072,8954.362272500992,849,916
0,P1255_16,9,571564.0,0.19395378295344004,9100.705418348312,924,837
0,P1256_16,12,718473.5,0.2427911398263123,14201.024319171906,1017,989
0,P1257_16,10,416051.0,0.33576172151971756,8161.269783973694,655,944
0,P1258_16,11,600832.5,0.25600479334922793,11908.80299627781,1028,983
0,P1259_16,11,932628.0,0.19109334053877858,14645.891332745552,1028,1165
0,P1260_16,13,727612.0,0.23670720109069118,11761.168110013008,983,976
0,P1261_16,11,790297.5,0.20007781879608627,12169.10615491867,1028,1165
0,P1262_16,13,601953.5,0.1848348751190914,11930.607914686203,816,1165
0,P1263_16,11,768772.0,0.1948900324153325,14715.967713713646,955,926
0,P1264_16,12,811664.5,0.2356441608571029,14569.669223308563,1028,1118
0,P1265_16,9,651517.0,0.2267170311749348,10632.68224465847,839,1133
0,P1266_16,9,808285.0,0.16660954984937243,11783.763654112816,1028,1052
0,P1267_16,11,752177.0,0.1959392536597104,14717.189841866493,993,1013
0,P1268_16,12,968675.5,0.18305717446141664,13546.288623571396,1028,1165
0,P1269_16,14,673322.0,0.1932329554061801,9621.34293961525,987,1069
0,P1270_16,11,799024.5,0.19278758035579635,9611.27692425251,995,1165
0,P1271_16,11,761702.0,0.25443808733599227,13615.521245360374,942,1062
0,P1272_16,12,742182.5,0.27824692713719335,14157.908812999725,1028,944
0,P1273_16,14,838147.0,0.23788070589049415,14136.84108364582,1028,1049
0,P1274_16,9,609659.0,0.1997624901789361,9157.357220172882,1028,796
0,P1275_16,11,577832.0,0.2649282144291074,10429.940042257309,842,1040
0,P1276_16,8,341352.0,0.2776488785769528,8507.761068224907,851,680
0,P1277_16,12,428015.5,0.3273339400091819,9195.690261363983,695,830
0,P1278_16,11,562012.0,0.2649765485434475,9772.962339520454,858,1041
0,P1279_16,11,823219.0,0.2210031595480668,12800.49672627449,1021,1145
0,P1280_16,11,792216.5,0.2243995170512101,12400.466406941414,979,1165
0,P1281_16,11,523232.5,0.21919892208530625,10642.407366633415,905,863
0,P1282_16,10,683400.5,0.19441747555057393,9888.69234931469,940,1060
0,P1283_16,12,647339.0,0.19235053040215405,10190.716734528542,940,1165
0,P1284_16,12,685126.5,0.25181481084150154,13882.586059689522,800,1165
0,P1285_16,11,854778.5,0.1796722776719349,14250.257996320724,1028,1089
0,P1286_16,12,576223.0,0.24115837097790266,10171.052740097046,803,945
0,P1287_16,11,792961.0,0.20886777533825748,11836.852941155434,922,1096
0,P1288_16,9,892877.5,0.16963917222687322,11421.160385608673,1028,1165
0,P1289_16,10,492863.0,0.24520201354128834,8771.492215275764,764,963
0,P1290_16,10,826747.0,0.1771315771330286,10217.728927135468,912,1165
0,P1291_16,11,825581.5,0.1977224538098298,10741.059880375862,1001,1165
0,P1292_16,14,624745.5,0.2364370771778268,10537.260890841484,803,1165
0,P1293_16,12,547451.0,0.2857461215706977,10171.312625646591,992,835
0,P1295_16,11,957897.5,0.19907975540180448,11841.62249314785,1015,1165
0,P1296_16,12,432926.0,0.2648651270655955,10808.337371230125,780,828
0,P1297_16,12,626744.5,0.26101066702619646,11381.628421902657,889,896
0,P1298_16,12,724947.0,0.22951746817353544,12971.780418157578,1028,887
0,P1299_16,12,678802.5,0.20080362108271552,12945.62724840641,797,1165
0,P1300_16,11,606737.5,0.26501576052246645,10954.22848892212,846,1060
0,P1301_16,12,542064.5,0.2385730849373091,9348.400938272476,825,865
0,P1302_16,12,843735.5,0.18717358698312445,14909.025349736214,1028,1128
0,P1303_16,10,856324.0,0.2243274741803336,12787.941690683365,1009,1165
0,P1304_16,10,814486.0,0.2156685320557996,12117.27934730053,1028,1003
0,P1305_16,10,419932.5,0.27148172622981076,8361.714646577835,803,827
0,P1306_16,11,403157.0,0.24536842966883868,8544.452971577644,1006,581
0,P1307_16,11,708142.5,0.22135798938772916,9592.16126203537,1023,978
0,P1308_16,10,523651.0,0.24464385630887747,10228.456848978996,1020,659
0,P1310_16,11,451860.5,0.27738206813828603,11480.584260940552,1007,613
0,P1311_16,11,756882.0,0.23107300741727244,12053.695648789406,1018,1009
0,P1312_16,13,708325.5,0.24381304922666203,11051.361396074295,1028,919
0,P1313_16,11,710976.5,0.25253155343390393,12463.725962758064,962,1002
0,P1314_16,10,688183.0,0.24536496832964488,10379.200389027596,911,999
0,P1315_16,12,696841.0,0.20054072593317557,11454.416108250618,964,1033
0,P1316_16,10,529965.0,0.2502844527468795,10904.894408106804,716,1050
0,P1317_16,13,601350.5,0.2754782776434043,11478.755400300026,825,1102
0,P1318_16,12,771618.0,0.2414938479921412,14288.639436483383,918,1165
0,P1319_16,12,749503.0,0.22998173456277027,13580.612089753151,838,1165
0,P1320_16,10,721101.5,0.2086141826081349,13101.078201055527,1017,901
0,P1321_16,12,458716.0,0.3048858117004857,11657.811593413353,1010,724
0,P1322_16,12,470480.5,0.2830553019731955,9987.411968827248,880,766
0,P1323_16,11,697606.0,0.24237606901316788,13322.476120948792,1015,928
0,P1324_16,10,589497.5,0.19096603463119013,8773.3570997715,849,911
0,P1325_16,12,570806.0,0.22554423043906335,9480.57042324543,750,960
0,P1326_16,11,614123.0,0.23369422737790313,11017.637007713318,788,1029
0,P1327_16,10,964963.5,0.18630238345802716,17166.758916974068,1028,1165
0,P1328_16,13,887596.5,0.21796503253449062,13731.56779396534,928,1165
0,P1330_16,12,772326.0,0.24278866696187879,14663.160385012627,1014,1073
0,P1331_16,12,819706.0,0.1834523597484952,13201.207649707794,960,1080
0,P1332_16,12,730725.5,0.23202967461789686,14233.995005846024,987,1105
0,P1333_16,11,673985.5,0.18090745275677295,10192.670928478241,874,1165
0,P1334_16,11,827917.5,0.18645215253935327,13788.959289312363,952,1098
0,P1335_16,11,806406.0,0.2063526313048266,14773.646453738213,842,1165
0,P1337_16,10,524448.5,0.2779338676724216,10035.368536353111,844,842
0,P1338_16,11,920669.5,0.20338351601741994,14765.155999779701,1028,1158
0,P1339_16,10,692158.0,0.22030519043339816,11865.516813278198,1028,869
0,P1340_16,14,955026.0,0.18695511954648356,15686.496485710144,1028,1165
0,P1341_16,11,571905.0,0.276577403589757,12635.492232322693,870,869
0,P1343_16,10,819469.0,0.269962622137018,14478.71813070774,1016,1112
0,P1344_16,11,772888.0,0.26967037914937225,14442.305879473686,994,1059
0,P1345_16,10,567005.5,0.21086391578212205,10707.22878909111,900,844
0,P1346_16,12,507876.0,0.253500854539297,10310.428126811981,935,757
0,P1347_16,11,530532.0,0.259090874819992,9598.73694384098,814,987
0,P1348_16,11,653577.5,0.2501493701971075,10794.56031858921,945,1062
0,P1349_16,10,314537.0,0.28492355430362726,8286.97155714035,888,510
0,P1350_16,12,799280.5,0.23622495481874012,13392.135928034782,975,1000
0,P1351_16,10,602073.5,0.2342238945909428,11094.976620078087,911,857
0,P1352_16,10,933073.0,0.1953319836711597,12415.310872793198,1028,1165
0,P1353_16,14,547420.5,0.29255206920456944,9272.019126653671,927,859
0,P1354_16,12,482905.5,0.2812641396712193,10091.334144711494,669,1053
0,P1355_16,11,789393.0,0.2032764415189899,12814.701974272728,1016,975
0,P1356_16,10,554605.5,0.2539733197741458,10356.809505462646,964,820
0,P1357_16,10,574647.5,0.23126003332477738,10482.744084119797,886,943
0,P1359_16,11,731933.0,0.22039858839538592,13172.759391069412,937,1093
0,P1360_16,10,849344.0,0.21670960176324316,15107.271185398102,925,1089
0,P1361_16,11,997424.5,0.21843959116705075,17545.646025776863,1028,1165
0,P1362_16,12,743854.0,0.26588147674140356,11718.766535520554,962,972
0,P1363_16,12,693539.0,0.2407665610729894,12704.58156299591,951,978
0,P1364_16,13,881476.5,0.22499181770586058,16022.874443650246,1028,1152
0,P1365_16,11,391346.0,0.37645970573354526,11067.782971024513,937,708
0,P1366_16,10,632800.5,0.2379185857154032,11152.38625741005,960,999
0,P1367_16,11,873574.0,0.21533035552798047,14917.699979066849,1028,1051
0,P1368_16,11,724583.5,0.22364020157787198,13788.927287817001,922,1066
0,P1369_16,13,460095.5,0.30602559685978237,11528.58019733429,844,810
0,P1370_16,10,553426.0,0.22755526484118924,9310.751224398613,850,903
0,P1371_16,9,481303.5,0.26885530647502043,10041.419636249542,896,706
0,P1372_16,11,543758.5,0.25790493389988384,9733.388670921326,902,852
0,P1373_16,12,600670.5,0.26275969936928817,12539.580610871315,890,989
0,P1374_16,10,593586.0,0.23897632356558274,9639.891271829605,943,848
0,P1375_16,10,758180.5,0.21987772041090478,13965.107869386673,979,1017
0,P1376_16,10,396647.0,0.22829619283645156,9032.944044351578,900,643
0,P1377_16,11,806179.0,0.1980168176050232,10593.998917341232,1016,1135
0,P1378_16,11,888028.5,0.17452255192260158,13939.411918759346,1028,1147
0,P1379_16,10,515408.0,0.2450447024493217,9865.79119348526,882,893
0,P1380_16,10,516777.5,0.21427983996981292,9353.424649715424,964,822
0,P1381_16,10,667451.0,0.23957414102308633,9688.830308794975,848,1143
0,P1382_16,10,792881.5,0.2137028042652023,10309.305485367775,1028,1131
0,P1383_16,10,355311.0,0.2951301817281199,7201.172243118286,805,599
0,P1384_16,10,388363.0,0.3042462850477517,9321.208483338356,750,677
0,P1385_16,12,744476.0,0.2210131689940307,12503.131519079208,1028,1014
0,P1386_16,10,651632.5,0.2578662052614012,12538.600464463234,959,1007
0,P1387_16,10,550554.5,0.2014260168611827,10741.570453763008,883,861
0,P1388_16,12,550573.0,0.23302087098350263,11628.587024331093,964,1011
0,P1389_16,12,483794.5,0.2981803224302881,10515.7432076931,874,759
0,P1390_16,10,614682.0,0.18251225837099508,11528.927404761314,971,879
0,P1391_16,10,647616.0,0.26960420990216427,11472.63765013218,962,979
0,P1392_16,13,713494.0,0.21399619338074322,11842.396770596504,993,979
0,P1393_16,11,486969.5,0.2181389183511493,8062.850518107414,919,773
0,P1394_16,9,321256.5,0.25877141785458035,7035.515388965607,786,571
0,P1395_16,12,507677.5,0.2583588991042542,10122.785714268684,921,851
0,P1397_16,13,533684.5,0.2977901737824501,10014.179718494415,1028,877
0,P1398_16,11,620390.0,0.2792291945389191,11789.31535255909,861,934
0,P1399_16,10,469702.0,0.2066884961102997,8107.938830733299,1016,653
0,P1400_16,12,845758.5,0.24371496118572855,15644.430333852768,1028,945
0,P1401_16,11,686746.5,0.23352576241742767,13012.924038767815,1028,998
0,P1402_16,11,833119.5,0.21075367939413253,12097.22343659401,996,1165
0,P1403_16,11,786219.0,0.2280509628996501,14459.376069903374,1002,1139
0,P1404_16,11,740633.0,0.26068511665021676,10441.202937841415,1028,1056
0,P1405_16,10,943493.5,0.1888375489603267,13532.531585335732,1028,1165
0,P1406_16,11,666399.0,0.23446163634699332,12745.706491589546,1000,963
0,P1407_16,11,866166.5,0.17767022852996509,12644.56828558445,1024,1064
0,P1408_16,11,657984.0,0.20946557971014493,9796.293292760849,999,862
0,P1409_16,12,644449.5,0.24753219608363417,10867.144634366035,808,1056
0,P1410_16,10,987485.5,0.2196072752460669,15475.211712479591,960,1165
0,P1411_16,10,583349.0,0.28316325218694127,8768.541862130165,908,889
0,P1412_16,11,686158.5,0.25497753070172563,10531.375676631927,901,1080
0,P1413_16,12,721264.5,0.20817328455788411,9333.39885032177,974,1104
0,P1414_16,11,649880.5,0.22855124903732302,13633.01554787159,1028,811
0,P1415_16,10,351901.0,0.3416330161039611,8048.520035266876,699,861
0,P1416_16,10,549803.5,0.2117247343823748,7357.172243118286,1007,888
0,P1417_16,12,471747.5,0.27404490749818494,11707.46426320076,845,745
0,P1418_16,10,797729.5,0.20403658132236555,11365.063725233078,930,1072
0,P1419_16,10,584840.0,0.24044866972163326,9441.215084791183,887,868
0,P1420_16,11,533310.5,0.2599836305491829,10623.414776086807,951,829
0,P1423_16,10,674689.5,0.21494924702400142,10396.598984360695,979,951
0,P1424_16,10,459690.0,0.2135504361635015,7438.5133010149,917,720
0,P1941_16,11,661111.5,0.21761533417585385,12523.171090722084,944,906
0,P1942_16,11,586047.0,0.2368052391702372,10510.310537695885,975,745
0,P1943_16,11,417216.0,0.3028551158153091,8842.223101496696,836,688
0,P1944_16,10,654855.0,0.20338395522672958,10014.43839251995,958,1012
0,P1945_16,10,431712.5,0.2658551698178765,9483.44060575962,899,606
0,P1946_16,10,787912.5,0.1912674313454857,10385.46486568451,951,1054
0,P1947_16,9,627101.0,0.21368328227829328,9275.627210378647,907,940
0,P1948_16,10,768931.0,0.20163707796928462,13303.759081840515,1019,1072
0,P1949_16,8,535471.5,0.2580006592320973,8891.117543935776,1003,717
0,P1950_16,11,618866.0,0.212866759524679,9690.185647249222,838,880
0,P1954_16,10,438791.0,0.2711313586650592,8619.121134638786,862,635
0,P1955_16,10,733251.0,0.1992496430281036,11545.270164370537,980,1062
0,P1956_16,8,268954.0,0.23024383351799935,6950.011546730995,768,469
0,P1957_16,10,730942.5,0.18426073186331346,11880.633188605309,893,997
0,P1958_16,9,572964.0,0.2164638616038704,11110.090314030647,903,870
0,P1959_16,12,779103.5,0.2070148574611717,11768.519899964333,954,1123
0,P1960_16,10,573200.5,0.24990906323354567,12133.443175077438,879,905
0,P1961_16,9,648550.0,0.2168313931077018,11642.298163890839,866,912
0,P1962_16,12,677182.0,0.21864727650764493,10578.841624975204,970,872
